{
  "replacement_rate": 0.9,
  "semantic_preservation_mean": 0.6975063482920328,
  "popularity_rate": 0.4666666666666667,
  "bert_confidence_mean": 0.8902368104706208,
  "inference_time_mean": 0.040049171447753905
}